Drug,Test,Gene,Mutation,Region,aa,n,Susceptible
MXF,WHO 2021 catalogue,gyrA,G88A,,1,,
MXF,WHO 2021 catalogue,gyrA,G88C,,1,,
MXF,WHO 2021 catalogue,gyrA,A90V,,1,,
MXF,WHO 2021 catalogue,gyrA,S91P,,1,,
MXF,WHO 2021 catalogue,gyrA,D94A,,1,,
MXF,WHO 2021 catalogue,gyrA,D94G,,1,,
MXF,WHO 2021 catalogue,gyrA,D94H,,1,,
MXF,WHO 2021 catalogue,gyrA,D94N,,1,,
MXF,WHO 2021 catalogue,gyrA,D94Y,,1,,
MXF,WHO 2021 catalogue,gyrB,D461N,,1,,
MXF,WHO 2021 catalogue,gyrB,N499D,,1,,
MXF,WHO 2021 catalogue,gyrB,E501D,,1,,
MXF,WHO 2021 catalogue,gyrB,E501V,,1,,
MXF,WHO 2021 catalogue,gyrB,A504V,,1,,
LEV,WHO 2021 catalogue,gyrA,G88A,,1,,
LEV,WHO 2021 catalogue,gyrA,G88C,,1,,
LEV,WHO 2021 catalogue,gyrA,A90V,,1,,
LEV,WHO 2021 catalogue,gyrA,S91P,,1,,
LEV,WHO 2021 catalogue,gyrA,D94A,,1,,
LEV,WHO 2021 catalogue,gyrA,D94G,,1,,
LEV,WHO 2021 catalogue,gyrA,D94H,,1,,
LEV,WHO 2021 catalogue,gyrA,D94N,,1,,
LEV,WHO 2021 catalogue,gyrA,D94Y,,1,,
LEV,WHO 2021 catalogue,gyrB,D461N,,1,,
LEV,WHO 2021 catalogue,gyrB,N499D,,1,,
LEV,WHO 2021 catalogue,gyrB,E501D,,1,,
LEV,WHO 2021 catalogue,gyrB,E501V,,1,,
LEV,WHO 2021 catalogue,gyrB,A504V,,1,,
MXF,AID TB FQ/EMB Kit,gyrA,A90V,,1,,
MXF,AID TB FQ/EMB Kit,gyrA,S91P,,1,,
MXF,AID TB FQ/EMB Kit,gyrA,D94A,,1,,
MXF,AID TB FQ/EMB Kit,gyrA,D94N,,1,,
MXF,AID TB FQ/EMB Kit,gyrA,D94Y,,1,,
MXF,AID TB FQ/EMB Kit,gyrA,D94G,,1,,
MXF,AID TB FQ/EMB Kit,gyrA,,90,1,,
MXF,AID TB FQ/EMB Kit,gyrA,,91,1,,
MXF,AID TB FQ/EMB Kit,gyrA,,94,1,,
LEV,AID TB FQ/EMB Kit,gyrA,A90V,,1,,
LEV,AID TB FQ/EMB Kit,gyrA,S91P,,1,,
LEV,AID TB FQ/EMB Kit,gyrA,D94A,,1,,
LEV,AID TB FQ/EMB Kit,gyrA,D94N,,1,,
LEV,AID TB FQ/EMB Kit,gyrA,D94Y,,1,,
LEV,AID TB FQ/EMB Kit,gyrA,D94G,,1,,
LEV,AID TB FQ/EMB Kit,gyrA,,90,1,,
LEV,AID TB FQ/EMB Kit,gyrA,,91,1,,
LEV,AID TB FQ/EMB Kit,gyrA,,94,1,,
MXF,Anyplex II MTB/MDR/XDR,gyrA,D94H,,1,,
MXF,Anyplex II MTB/MDR/XDR,gyrA,A90V,,1,,
MXF,Anyplex II MTB/MDR/XDR,gyrA,S91P,,1,,
MXF,Anyplex II MTB/MDR/XDR,gyrA,D94A,,1,,
MXF,Anyplex II MTB/MDR/XDR,gyrA,D94N,,1,,
MXF,Anyplex II MTB/MDR/XDR,gyrA,D94Y,,1,,
MXF,Anyplex II MTB/MDR/XDR,gyrA,D94G,,1,,
LEV,Anyplex II MTB/MDR/XDR,gyrA,D94H,,1,,
LEV,Anyplex II MTB/MDR/XDR,gyrA,A90V,,1,,
LEV,Anyplex II MTB/MDR/XDR,gyrA,S91P,,1,,
LEV,Anyplex II MTB/MDR/XDR,gyrA,D94A,,1,,
LEV,Anyplex II MTB/MDR/XDR,gyrA,D94N,,1,,
LEV,Anyplex II MTB/MDR/XDR,gyrA,D94Y,,1,,
LEV,Anyplex II MTB/MDR/XDR,gyrA,D94G,,1,,
MXF,Genoscholar FQ+KM-TB II,gyrA,A90V,,1,,
MXF,Genoscholar FQ+KM-TB II,gyrA,D94A,,1,,
MXF,Genoscholar FQ+KM-TB II,gyrA,D94G,,1,,
MXF,Genoscholar FQ+KM-TB II,gyrA,,88,1,,
MXF,Genoscholar FQ+KM-TB II,gyrA,,89,1,,
MXF,Genoscholar FQ+KM-TB II,gyrA,,90,1,,
MXF,Genoscholar FQ+KM-TB II,gyrA,,91,1,,
MXF,Genoscholar FQ+KM-TB II,gyrA,,92,1,,
MXF,Genoscholar FQ+KM-TB II,gyrA,,93,1,,
MXF,Genoscholar FQ+KM-TB II,gyrA,,94,1,,
MXF,Genoscholar FQ+KM-TB II,gyrA,,95,1,,
MXF,Genoscholar FQ+KM-TB II,gyrA,,96,1,,
MXF,Genoscholar FQ+KM-TB II,gyrA,,97,1,,
MXF,Genoscholar FQ+KM-TB II,gyrA,,,,,S95T
LEV,Genoscholar FQ+KM-TB II,gyrA,A90V,,1,,
LEV,Genoscholar FQ+KM-TB II,gyrA,D94A,,1,,
LEV,Genoscholar FQ+KM-TB II,gyrA,D94G,,1,,
LEV,Genoscholar FQ+KM-TB II,gyrA,,88,1,,
LEV,Genoscholar FQ+KM-TB II,gyrA,,89,1,,
LEV,Genoscholar FQ+KM-TB II,gyrA,,90,1,,
LEV,Genoscholar FQ+KM-TB II,gyrA,,91,1,,
LEV,Genoscholar FQ+KM-TB II,gyrA,,92,1,,
LEV,Genoscholar FQ+KM-TB II,gyrA,,93,1,,
LEV,Genoscholar FQ+KM-TB II,gyrA,,94,1,,
LEV,Genoscholar FQ+KM-TB II,gyrA,,95,1,,
LEV,Genoscholar FQ+KM-TB II,gyrA,,96,1,,
LEV,Genoscholar FQ+KM-TB II,gyrA,,97,1,,
LEV,Genoscholar FQ+KM-TB II,gyrA,,,,,S95T
MXF,GenoType MTBDRsl Ver 1.0,gyrA,A90V,,1,,
MXF,GenoType MTBDRsl Ver 1.0,gyrA,S91P,,1,,
MXF,GenoType MTBDRsl Ver 1.0,gyrA,D94A,,1,,
MXF,GenoType MTBDRsl Ver 1.0,gyrA,D94N,,1,,
MXF,GenoType MTBDRsl Ver 1.0,gyrA,D94Y,,1,,
MXF,GenoType MTBDRsl Ver 1.0,gyrA,D94G,,1,,
MXF,GenoType MTBDRsl Ver 1.0,gyrA,D94H,,1,,
LEV,GenoType MTBDRsl Ver 1.0,gyrA,A90V,,1,,
LEV,GenoType MTBDRsl Ver 1.0,gyrA,S91P,,1,,
LEV,GenoType MTBDRsl Ver 1.0,gyrA,D94A,,1,,
LEV,GenoType MTBDRsl Ver 1.0,gyrA,D94N,,1,,
LEV,GenoType MTBDRsl Ver 1.0,gyrA,D94Y,,1,,
LEV,GenoType MTBDRsl Ver 1.0,gyrA,D94G,,1,,
LEV,GenoType MTBDRsl Ver 1.0,gyrA,D94H,,1,,
LEV,GenoType MTBDRsl Ver 1.0,gyrA,,85,1,,
LEV,GenoType MTBDRsl Ver 1.0,gyrA,,86,1,,
LEV,GenoType MTBDRsl Ver 1.0,gyrA,,87,1,,
LEV,GenoType MTBDRsl Ver 1.0,gyrA,,88,1,,
LEV,GenoType MTBDRsl Ver 1.0,gyrA,,89,1,,
LEV,GenoType MTBDRsl Ver 1.0,gyrA,,90,1,,
LEV,GenoType MTBDRsl Ver 1.0,gyrA,,91,1,,
LEV,GenoType MTBDRsl Ver 1.0,gyrA,,92,1,,
LEV,GenoType MTBDRsl Ver 1.0,gyrA,,93,1,,
LEV,GenoType MTBDRsl Ver 1.0,gyrA,,94,1,,
LEV,GenoType MTBDRsl Ver 1.0,gyrA,,95,1,,
LEV,GenoType MTBDRsl Ver 1.0,gyrA,,96,1,,
LEV,GenoType MTBDRsl Ver 1.0,gyrA,,,,,S95T
MXF,GenoType MTBDRsl Ver 1.0,gyrA,,,,,S95T
MXF,GenoType MTBDRsl Ver 1.0,gyrA,,85,1,,
MXF,GenoType MTBDRsl Ver 1.0,gyrA,,86,1,,
MXF,GenoType MTBDRsl Ver 1.0,gyrA,,87,1,,
MXF,GenoType MTBDRsl Ver 1.0,gyrA,,88,1,,
MXF,GenoType MTBDRsl Ver 1.0,gyrA,,89,1,,
MXF,GenoType MTBDRsl Ver 1.0,gyrA,,90,1,,
MXF,GenoType MTBDRsl Ver 1.0,gyrA,,91,1,,
MXF,GenoType MTBDRsl Ver 1.0,gyrA,,92,1,,
MXF,GenoType MTBDRsl Ver 1.0,gyrA,,93,1,,
MXF,GenoType MTBDRsl Ver 1.0,gyrA,,94,1,,
MXF,GenoType MTBDRsl Ver 1.0,gyrA,,95,1,,
MXF,GenoType MTBDRsl Ver 1.0,gyrA,,96,1,,
MXF,GenoType MTBDRsl Ver 2.0,gyrA,A90V,,1,,
MXF,GenoType MTBDRsl Ver 2.0,gyrA,S91P,,1,,
MXF,GenoType MTBDRsl Ver 2.0,gyrA,D94A,,1,,
MXF,GenoType MTBDRsl Ver 2.0,gyrA,D94N,,1,,
MXF,GenoType MTBDRsl Ver 2.0,gyrA,D94Y,,1,,
MXF,GenoType MTBDRsl Ver 2.0,gyrA,D94G,,1,,
MXF,GenoType MTBDRsl Ver 2.0,gyrA,D94H,,1,,
MXF,GenoType MTBDRsl Ver 2.0,gyrB,N499D,,1,,
MXF,GenoType MTBDRsl Ver 2.0,gyrB,E501D,,1,,
LEV,GenoType MTBDRsl Ver 2.0,gyrA,A90V,,1,,
LEV,GenoType MTBDRsl Ver 2.0,gyrA,S91P,,1,,
LEV,GenoType MTBDRsl Ver 2.0,gyrA,D94A,,1,,
LEV,GenoType MTBDRsl Ver 2.0,gyrA,D94N,,1,,
LEV,GenoType MTBDRsl Ver 2.0,gyrA,D94Y,,1,,
LEV,GenoType MTBDRsl Ver 2.0,gyrA,D94G,,1,,
LEV,GenoType MTBDRsl Ver 2.0,gyrA,D94H,,1,,
LEV,GenoType MTBDRsl Ver 2.0,gyrB,N499D,,1,,
LEV,GenoType MTBDRsl Ver 2.0,gyrB,E501D,,1,,
LEV,GenoType MTBDRsl Ver 2.0,gyrA,,85,1,,
LEV,GenoType MTBDRsl Ver 2.0,gyrB,,497,1,,
MXF,GenoType MTBDRsl Ver 2.0,gyrA,,85,1,,
MXF,GenoType MTBDRsl Ver 2.0,gyrB,,497,1,,
LEV,GenoType MTBDRsl Ver 2.0,gyrA,,86,1,,
LEV,GenoType MTBDRsl Ver 2.0,gyrB,,498,1,,
MXF,GenoType MTBDRsl Ver 2.0,gyrA,,86,1,,
MXF,GenoType MTBDRsl Ver 2.0,gyrB,,498,1,,
LEV,GenoType MTBDRsl Ver 2.0,gyrA,,87,1,,
LEV,GenoType MTBDRsl Ver 2.0,gyrB,,499,1,,
MXF,GenoType MTBDRsl Ver 2.0,gyrA,,87,1,,
MXF,GenoType MTBDRsl Ver 2.0,gyrB,,499,1,,
LEV,GenoType MTBDRsl Ver 2.0,gyrA,,88,1,,
LEV,GenoType MTBDRsl Ver 2.0,gyrB,,500,1,,
MXF,GenoType MTBDRsl Ver 2.0,gyrA,,88,1,,
MXF,GenoType MTBDRsl Ver 2.0,gyrB,,500,1,,
LEV,GenoType MTBDRsl Ver 2.0,gyrA,,89,1,,
LEV,GenoType MTBDRsl Ver 2.0,gyrB,,501,1,,
MXF,GenoType MTBDRsl Ver 2.0,gyrA,,89,1,,
MXF,GenoType MTBDRsl Ver 2.0,gyrB,,501,1,,
LEV,GenoType MTBDRsl Ver 2.0,gyrA,,90,1,,
LEV,GenoType MTBDRsl Ver 2.0,gyrB,,502,1,,
MXF,GenoType MTBDRsl Ver 2.0,gyrA,,90,1,,
MXF,GenoType MTBDRsl Ver 2.0,gyrB,,502,1,,
LEV,GenoType MTBDRsl Ver 2.0,gyrA,,91,1,,
MXF,GenoType MTBDRsl Ver 2.0,gyrA,,91,1,,
LEV,GenoType MTBDRsl Ver 2.0,gyrA,,92,1,,
MXF,GenoType MTBDRsl Ver 2.0,gyrA,,92,1,,
LEV,GenoType MTBDRsl Ver 2.0,gyrA,,93,1,,
MXF,GenoType MTBDRsl Ver 2.0,gyrA,,93,1,,
MXF,GenoType MTBDRsl Ver 2.0,gyrA,,94,1,,
MXF,GenoType MTBDRsl Ver 2.0,gyrA,,95,1,,
MXF,GenoType MTBDRsl Ver 2.0,gyrA,,96,1,,
MXF,GenoType MTBDRsl Ver 2.0,gyrA,,,,,S95T
LEV,GenoType MTBDRsl Ver 2.0,gyrA,,94,1,,
LEV,GenoType MTBDRsl Ver 2.0,gyrA,,95,1,,
LEV,GenoType MTBDRsl Ver 2.0,gyrA,,96,1,,
LEV,GenoType MTBDRsl Ver 2.0,gyrA,,,,,S95T
MXF,MeltPro MTB/FQ,gyrA,,88,1,,
MXF,MeltPro MTB/FQ,gyrA,,89,1,,
MXF,MeltPro MTB/FQ,gyrA,,90,1,,
MXF,MeltPro MTB/FQ,gyrA,,91,1,,
MXF,MeltPro MTB/FQ,gyrA,,92,1,,
MXF,MeltPro MTB/FQ,gyrA,,93,1,,
MXF,MeltPro MTB/FQ,gyrA,,94,1,,
LEV,MeltPro MTB/FQ,gyrA,,88,1,,
LEV,MeltPro MTB/FQ,gyrA,,89,1,,
LEV,MeltPro MTB/FQ,gyrA,,90,1,,
LEV,MeltPro MTB/FQ,gyrA,,91,1,,
LEV,MeltPro MTB/FQ,gyrA,,92,1,,
LEV,MeltPro MTB/FQ,gyrA,,93,1,,
LEV,MeltPro MTB/FQ,gyrA,,94,1,,
MXF,REBA MTB/XDR,gyrA,G88A,,1,,
MXF,REBA MTB/XDR,gyrA,G88C,,1,,
MXF,REBA MTB/XDR,gyrA,A90V,,1,,
MXF,REBA MTB/XDR,gyrA,S91P,,1,,
MXF,REBA MTB/XDR,gyrA,D94A,,1,,
MXF,REBA MTB/XDR,gyrA,D94G,,1,,
MXF,REBA MTB/XDR,gyrA,D94H,,1,,
MXF,REBA MTB/XDR,gyrA,D94N,,1,,
MXF,REBA MTB/XDR,gyrA,D94Y,,1,,
MXF,REBA MTB/XDR,gyrA,,79,1,,
MXF,REBA MTB/XDR,gyrA,,80,1,,
MXF,REBA MTB/XDR,gyrA,,81,1,,
MXF,REBA MTB/XDR,gyrA,,82,1,,
MXF,REBA MTB/XDR,gyrA,,83,1,,
MXF,REBA MTB/XDR,gyrA,,84,1,,
MXF,REBA MTB/XDR,gyrA,,85,1,,
MXF,REBA MTB/XDR,gyrA,,86,1,,
MXF,REBA MTB/XDR,gyrA,,87,1,,
MXF,REBA MTB/XDR,gyrA,,88,1,,
MXF,REBA MTB/XDR,gyrA,,89,1,,
MXF,REBA MTB/XDR,gyrA,,90,1,,
MXF,REBA MTB/XDR,gyrA,,91,1,,
MXF,REBA MTB/XDR,gyrA,,92,1,,
MXF,REBA MTB/XDR,gyrA,,93,1,,
MXF,REBA MTB/XDR,gyrA,,94,1,,
MXF,REBA MTB/XDR,gyrA,,95,1,,
MXF,REBA MTB/XDR,gyrA,,96,1,,
MXF,REBA MTB/XDR,gyrA,,97,1,,
MXF,REBA MTB/XDR,gyrA,,98,1,,
MXF,REBA MTB/XDR,gyrA,,,,,S95T
LEV,REBA MTB/XDR,gyrA,G88A,,1,,
LEV,REBA MTB/XDR,gyrA,G88C,,1,,
LEV,REBA MTB/XDR,gyrA,A90V,,1,,
LEV,REBA MTB/XDR,gyrA,S91P,,1,,
LEV,REBA MTB/XDR,gyrA,D94A,,1,,
LEV,REBA MTB/XDR,gyrA,D94G,,1,,
LEV,REBA MTB/XDR,gyrA,D94H,,1,,
LEV,REBA MTB/XDR,gyrA,D94N,,1,,
LEV,REBA MTB/XDR,gyrA,D94Y,,1,,
LEV,REBA MTB/XDR,gyrA,,79,1,,
LEV,REBA MTB/XDR,gyrA,,80,1,,
LEV,REBA MTB/XDR,gyrA,,81,1,,
LEV,REBA MTB/XDR,gyrA,,82,1,,
LEV,REBA MTB/XDR,gyrA,,83,1,,
LEV,REBA MTB/XDR,gyrA,,84,1,,
LEV,REBA MTB/XDR,gyrA,,85,1,,
LEV,REBA MTB/XDR,gyrA,,86,1,,
LEV,REBA MTB/XDR,gyrA,,87,1,,
LEV,REBA MTB/XDR,gyrA,,88,1,,
LEV,REBA MTB/XDR,gyrA,,89,1,,
LEV,REBA MTB/XDR,gyrA,,90,1,,
LEV,REBA MTB/XDR,gyrA,,91,1,,
LEV,REBA MTB/XDR,gyrA,,92,1,,
LEV,REBA MTB/XDR,gyrA,,93,1,,
LEV,REBA MTB/XDR,gyrA,,94,1,,
LEV,REBA MTB/XDR,gyrA,,95,1,,
LEV,REBA MTB/XDR,gyrA,,96,1,,
LEV,REBA MTB/XDR,gyrA,,97,1,,
LEV,REBA MTB/XDR,gyrA,,98,1,,
LEV,REBA MTB/XDR,gyrA,,,,,S95T
MXF,Xpert MTB/XDR,gyrA,A90V,,1,,
MXF,Xpert MTB/XDR,gyrA,S91P,,1,,
MXF,Xpert MTB/XDR,gyrA,D94A,,1,,
MXF,Xpert MTB/XDR,gyrA,D94N,,1,,
MXF,Xpert MTB/XDR,gyrA,D94Y,,1,,
MXF,Xpert MTB/XDR,gyrA,D94G,,1,,
MXF,Xpert MTB/XDR,gyrA,D94H,,1,,
MXF,Xpert MTB/XDR,gyrA,G88C,,1,,
MXF,Xpert MTB/XDR,gyrA,G88A,,1,,
MXF,Xpert MTB/XDR,gyrB,D461N,,1,,
MXF,Xpert MTB/XDR,gyrB,D461V,,1,,
MXF,Xpert MTB/XDR,gyrB,N499T,,1,,
MXF,Xpert MTB/XDR,gyrB,E501D,,1,,
MXF,Xpert MTB/XDR,gyrB,E501V,,1,,
LEV,Xpert MTB/XDR,gyrA,A90V,,1,,
LEV,Xpert MTB/XDR,gyrA,S91P,,1,,
LEV,Xpert MTB/XDR,gyrA,D94A,,1,,
LEV,Xpert MTB/XDR,gyrA,D94N,,1,,
LEV,Xpert MTB/XDR,gyrA,D94Y,,1,,
LEV,Xpert MTB/XDR,gyrA,D94G,,1,,
LEV,Xpert MTB/XDR,gyrA,D94H,,1,,
LEV,Xpert MTB/XDR,gyrA,G88C,,1,,
LEV,Xpert MTB/XDR,gyrA,G88A,,1,,
LEV,Xpert MTB/XDR,gyrB,D461N,,1,,
LEV,Xpert MTB/XDR,gyrB,D461V,,1,,
LEV,Xpert MTB/XDR,gyrB,N499T,,1,,
LEV,Xpert MTB/XDR,gyrB,E501D,,1,,
LEV,Xpert MTB/XDR,gyrB,E501V,,1,,